Invoice #	Invoice Date	Invoice Type	Invoice Cancel Date	Status	Invoice Amount	Order #	Order Date	Account Name	Code	Account TIN#	Cash Customer Name	Contact First Name	Contact Last Name	Round Off Amount	Invoice Round Off Amount	Short Amount	Realized Amount	HMCGL Card No	Campaign	B2B Purchase Order #	B2B Order Type	Invoice Header Type	Created By	Inventory Location	Packaging & Forwarding Charges	Tax on Package & Forwarding	Type of Tax P&F	IRN#	IRN Status	Ack#	Ack Date	Credit Note# (Canc.>24h)	IRN# (Canc.>24h)	IRN Status (Canc.>24h)	Ack# (Canc.>24h)	Ack Date (Canc.>24h)
"30305BC26P60507"	"24/03/2026 04:03:31 PM"	"Credit"		"Open"	"Rs.1,254.87"	"30305-02-PSAO-0326-83318"	"17/03/2026 07:58:39 PM"	"GOELSONS"	"30305-02-DLR-0415-2"	"09107700592"				"Rs.0.13"	"Rs.1,255.00"	"Rs.1,255.00"	"Rs.0.00"			"11067-05-PLPO-0326-237"	"VOR"	"TAX INVOICE"	"30305P34"	"30305 MAIN WAREHOUSE50803AAM000S"		"0"		"f777b03ce73c90e7e08ad2e32f70e1d3eccc977f69f463e7032757cf817332c7"	"ACT"	"142619849413703"	"24/03/2026 04:04:00 PM"					
"30305BC26P60506"	"24/03/2026 04:02:48 PM"	"Credit"		"Open"	"Rs.1,145.91"	"30305-02-PSAO-0326-83854"	"19/03/2026 12:59:09 PM"	"MOSARAM AUTO WORLD PRIVATE LIMITED"	"30305-02-DLR-1024-1"					"Rs.0.09"	"Rs.1,146.00"	"Rs.1,146.00"	"Rs.0.00"			"17032-03-PLPO-0326-359"	"VOR"	"TAX INVOICE"	"30305P34"	"30305 MAIN WAREHOUSE50803AAM000S"		"0"		"e22290e6c9d47a4d6431899a1e4105ab42a4094a0ee2a489817201f9ae3e0f20"	"ACT"	"142619849405582"	"24/03/2026 04:03:00 PM"					
"30305BC26P60505"	"24/03/2026 04:01:55 PM"	"Credit"		"Open"	"Rs.5,483.15"	"30305-02-PSAO-0326-83200"	"16/03/2026 05:49:23 PM"	"SHRI GANESH AUTO SALES"	"30305-02-ARD-0422-1"					"(Rs.0.15)"	"Rs.5,483.00"	"Rs.5,483.00"	"Rs.0.00"			"67256-03-PLPO-0326-141"	"VOR"	"TAX INVOICE"	"30305P34"	"30305 MAIN WAREHOUSE50803AAM000S"		"0"		"6fa2df58cf289105930513b1c0300cb6abb00042831951bf720209480019d9b2"	"ACT"	"142619849394912"	"24/03/2026 04:02:00 PM"					
"30305BC26P60504"	"24/03/2026 04:01:04 PM"	"Credit"		"Open"	"Rs.4,603.61"	"30305-02-PSAO-0326-83701"	"19/03/2026 10:22:18 AM"	"DARSHAN SONS"	"30305-02-DLR-0818-8"					"Rs.0.39"	"Rs.4,604.00"	"Rs.4,604.00"	"Rs.0.00"			"11913-03-PLPO-0326-454"	"VOR"	"TAX INVOICE"	"30305P34"	"30305 MAIN WAREHOUSE50803AAM000S"		"0"		"f4ea68a6d3d9176eaedbd655a81af75b42929622b69cbdb3aac933a7a11da170"	"ACT"	"142619849382139"	"24/03/2026 04:01:00 PM"					
"30305BC26P60503"	"24/03/2026 04:00:28 PM"	"Credit"		"Open"	"Rs.4,603.61"	"30305-02-PSAO-0326-83929"	"19/03/2026 03:17:59 PM"	"M/s SHYAM SONS"	"30305-02-SSP-0424-1"					"Rs.0.39"	"Rs.4,604.00"	"Rs.4,604.00"	"Rs.0.00"			"23757-02-PLPO-0326-124"	"VOR"	"TAX INVOICE"	"30305P34"	"30305 MAIN WAREHOUSE50803AAM000S"		"0"		"e2dcd776b07d06b4cecb03094f37353c3c974f640883ed6e71557c197ee704a0"	"ACT"	"142619849371470"	"24/03/2026 04:01:00 PM"					
"30305BC26P60502"	"24/03/2026 03:59:42 PM"	"Credit"		"Open"	"Rs.683.06"	"30305-02-PSAO-0326-83853"	"19/03/2026 12:57:58 PM"	"AJAY MOTORS"	"30305-02-ARD-1222-12"					"(Rs.0.06)"	"Rs.683.00"	"Rs.683.00"	"Rs.0.00"			"65471-03-PLPO-0326-152"	"VOR"	"TAX INVOICE"	"30305P34"	"30305 MAIN WAREHOUSE50803AAM000S"		"0"		"c7582dc4aacbbb309aaaaa94a6d53c1611be7ad78a879255bc14acdca1dbc642"	"ACT"	"142619849360924"	"24/03/2026 04:00:00 PM"					
"30305BC26P60501"	"24/03/2026 03:59:05 PM"	"Credit"		"Open"	"Rs.1,140.72"	"30305-02-PSAO-0326-83805"	"19/03/2026 12:30:17 PM"	"MAHESHWARI MOTORS"	"30305-02-SSP-0415-4"	"09507701481"				"Rs.0.28"	"Rs.1,141.00"	"Rs.1,141.00"	"Rs.0.00"			"20786-02-PLPO-0326-454"	"VOR"	"TAX INVOICE"	"30305P34"	"30305 MAIN WAREHOUSE50803AAM000S"		"0"		"cffea1bf2824d1327609bccbc8c9828da201f4056a814609522fe0db3dc07e1e"	"ACT"	"142619849354358"	"24/03/2026 03:59:00 PM"					
"30305BC26P60500"	"24/03/2026 03:58:29 PM"	"Credit"		"Open"	"Rs.3,961.97"	"30305-02-PSAO-0326-84888"	"23/03/2026 12:45:28 PM"	"SUPERB MOTOR"	"30305-02-DLR-0525-4"					"Rs.0.03"	"Rs.3,962.00"	"Rs.3,962.00"	"Rs.0.00"			"11383-03-PLPO-0326-514"	"VOR"	"TAX INVOICE"	"30305P34"	"30305 MAIN WAREHOUSE50803AAM000S"		"0"		"4adb842c67c32ad8def3a7927b44bb325862a2e30794b099e18271983a95029e"	"ACT"	"142619849348144"	"24/03/2026 03:59:00 PM"					
"30305BC26P60499"	"24/03/2026 03:57:42 PM"	"Credit"		"Open"	"Rs.517.13"	"30305-02-PSAO-0326-84890"	"23/03/2026 12:45:35 PM"	"VAISHNO SALES AND SERVICE"	"30305-02-ARD-0222-7"					"(Rs.0.13)"	"Rs.517.00"	"Rs.517.00"	"Rs.0.00"			"66989-03-PLPO-0326-250"	"VOR"	"TAX INVOICE"	"30305P34"	"30305 MAIN WAREHOUSE50803AAM000S"		"0"		"4c463222e57c2b1b444aa80a8401ae5ea902d2f8f44a3c0b0039bed39e2cace7"	"ACT"	"142619849340072"	"24/03/2026 03:58:00 PM"					
"30305BC26P60498"	"24/03/2026 03:57:04 PM"	"Credit"		"Open"	"Rs.2,427.43"	"30305-02-PSAO-0226-73940"	"09/02/2026 09:43:24 AM"	"GOELSONS"	"30305-02-DLR-0415-2"	"09107700592"				"(Rs.0.43)"	"Rs.2,427.00"	"Rs.2,427.00"	"Rs.0.00"			"11067-03-PLPO-0226-856"	"ZOAC"	"TAX INVOICE"	"30305P34"	"30305 MAIN WAREHOUSE50803AAM000S"		"0"		"21b4de35dad8c077241c37174bb393290fc6688df40d4eea0024621fc6c6ed8a"	"ACT"	"142619849332213"	"24/03/2026 03:57:00 PM"					
"30305BC26P60497"	"24/03/2026 03:56:58 PM"	"Credit"		"Open"	"Rs.27,065.19"	"30305-02-PSAO-0326-84793"	"23/03/2026 10:03:24 AM"	"SHRI NARAIN AUTO"	"30305-01-DLR-0415-2"	"09754001022"				"(Rs.0.19)"	"Rs.27,065.00"	"Rs.27,065.00"	"Rs.0.00"					"TAX INVOICE"	"30305P34"	"30305 MAIN WAREHOUSE50803AAM000S"		"0"		"0c18e7391aef548f93dfde69ac421ece1de87ff2baac5ed3cb6e0fbfd576b5e8"	"ACT"	"142619849334558"	"24/03/2026 03:57:00 PM"					
"30305BC26P60496"	"24/03/2026 03:55:34 PM"	"Credit"		"Open"	"Rs.862.45"	"30305-02-PSAO-0326-84978"	"23/03/2026 06:31:06 PM"	"DS MOTORS"	"30305-02-ARD-0820-2"					"(Rs.0.45)"	"Rs.862.00"	"Rs.862.00"	"Rs.0.00"			"66791-03-PLPO-0326-288"	"VOR"	"TAX INVOICE"	"30305P34"	"30305 MAIN WAREHOUSE50803AAM000S"		"0"		"586aaca6215c8b3f6f5d6d17316cc9900818d8ce438bea56618788cb5ef901ff"	"ACT"	"142619849314013"	"24/03/2026 03:56:00 PM"					
"30305BC26P60495"	"24/03/2026 03:54:11 PM"	"Credit"		"Open"	"Rs.174.16"	"30305-02-PSAO-0326-84993"	"23/03/2026 06:42:23 PM"	"KIPPS AUTO SERVICE"	"30305-02-SSP-0415-5"	"09507502486"				"(Rs.0.16)"	"Rs.174.00"	"Rs.174.00"	"Rs.0.00"			"20669-02-PLPO-0326-486"	"VOR"	"TAX INVOICE"	"30305P34"	"30305 MAIN WAREHOUSE50803AAM000S"		"0"		"81f408071755646e605a94071c4b40768fee62c113c041a483e905399c94d3a7"	"ACT"	"142619849299273"	"24/03/2026 03:54:00 PM"					
"30305BC26P60494"	"24/03/2026 03:53:46 PM"	"Credit"		"Open"	"Rs.3,839.81"	"30305-02-PSAO-0326-84722"	"23/03/2026 09:39:03 AM"	"DEVAL AUTO SALES"	"30305-01-SSP-0415-4"	"09407309470"				"Rs.0.19"	"Rs.3,840.00"	"Rs.3,840.00"	"Rs.0.00"			"21903-02-PLPO-0326-340"	"STD"	"TAX INVOICE"	"30305P34"	"30305 MAIN WAREHOUSE50803AAM000S"		"0"		"2809a6d702fc19ab818fbc34a577c5df93aed296a6102cd26b97e2430bb9b52f"	"ACT"	"142619849294621"	"24/03/2026 03:54:00 PM"					
"30305BC26P60493"	"24/03/2026 03:53:32 PM"	"Credit"		"Open"	"Rs.231.11"	"30305-02-PSAO-0326-84884"	"23/03/2026 12:45:12 PM"	"M/S MAHI MOTORS"	"30305-02-SSP-0525-12"					"(Rs.0.11)"	"Rs.231.00"	"Rs.231.00"	"Rs.0.00"			"23763-02-PLPO-0326-237"	"VOR"	"TAX INVOICE"	"30305P34"	"30305 MAIN WAREHOUSE50803AAM000S"		"0"		"1c27a9349cd35b70a7a44aee6cfd5764e5d66c8d106b830a64226fbb0a689f90"	"ACT"	"142619849291068"	"24/03/2026 03:54:00 PM"					
"30305BC26P60492"	"24/03/2026 03:52:25 PM"	"Credit"		"Open"	"Rs.3,244.69"	"30305-02-PSAO-0326-84887"	"23/03/2026 12:45:24 PM"	"SRIRAM GOMTI AUTOMOBILES"	"30305-01-SSP-0415-3"	"09954200732"				"Rs.0.31"	"Rs.3,245.00"	"Rs.3,245.00"	"Rs.0.00"			"22484-01-PLPO-0326-472"	"VOR"	"TAX INVOICE"	"30305P34"	"30305 MAIN WAREHOUSE50803AAM000S"		"0"		"9681878ef232f4b506786b59dcb8803698f4ccdb02e627c26f9f4c91b2ae2fd3"	"ACT"	"142619849278915"	"24/03/2026 03:52:00 PM"					
"30305BC26P60491"	"24/03/2026 03:51:28 PM"	"Credit"		"Open"	"Rs.5,618.57"	"30305-02-PSAO-0326-84805"	"23/03/2026 10:29:55 AM"	"RITIKA MOTORS"	"30305-02-SSP-1025-21"					"Rs.0.43"	"Rs.5,619.00"	"Rs.5,619.00"	"Rs.0.00"					"TAX INVOICE"	"30305P34"	"30305 MAIN WAREHOUSE50803AAM000S"		"0"		"aea5d758f95ff4866bbfbf7d520e13019724aa97b17933f6c08ed6c86944503a"	"ACT"	"142619849269023"	"24/03/2026 03:52:00 PM"					
"30305BC26P60490"	"24/03/2026 03:50:08 PM"	"Credit"		"Open"	"Rs.9,940.41"	"30305-02-PSAO-0326-84800"	"23/03/2026 10:19:44 AM"	"PRASHANTI AUTOMOBILES"	"30305-01-DLR-0415-5"	"09109400370"				"(Rs.0.41)"	"Rs.9,940.00"	"Rs.9,940.00"	"Rs.0.00"					"TAX INVOICE"	"30305P34"	"30305 MAIN WAREHOUSE50803AAM000S"		"0"		"35c5e45863d92b7aa9825f2d4823df7be4f384d55d433e2bf7f0977bf4cb6ebb"	"ACT"	"142619849252810"	"24/03/2026 03:50:00 PM"					
"30305BC26P60489"	"24/03/2026 03:49:20 PM"	"Credit"		"Open"	"Rs.1,107.41"	"30305-02-PSAO-0326-85053"	"24/03/2026 11:13:30 AM"	"Shri Bihari JI Auto Sales"	"30305-02-ARD-1222-20"					"(Rs.0.41)"	"Rs.1,107.00"	"Rs.1,107.00"	"Rs.0.00"					"TAX INVOICE"	"30305P34"	"30305 MAIN WAREHOUSE50803AAM000S"		"0"		"a814238ea9dab3a6b5efec70e9e6c353bf7d4bd72485f695ab17e289ebb06943"	"ACT"	"142619849242600"	"24/03/2026 03:49:00 PM"					
"30305BC26P60488"	"24/03/2026 03:48:12 PM"	"Credit"		"Open"	"Rs.1,178.69"	"30305-02-PSAO-0326-85057"	"24/03/2026 11:16:32 AM"	"SRI MADHAV MOTORS"	"30305-02-SSP-0825-20"					"Rs.0.31"	"Rs.1,179.00"	"Rs.1,179.00"	"Rs.0.00"			"22882-02-PLPO-0226-527"	"STD"	"TAX INVOICE"	"30305P34"	"30305 MAIN WAREHOUSE50803AAM000S"		"0"		"9c75ec900fb25b42911ab7d0d3cf15d8ce295d37624940ae63c0962de0497d03"	"ACT"	"142619849230580"	"24/03/2026 03:48:00 PM"					
"30305BC26P60487"	"24/03/2026 03:47:21 PM"	"Credit"		"Open"	"Rs.4,011.49"	"30305-02-PSAO-0326-85056"	"24/03/2026 11:15:11 AM"	"KHANDELWAL AUTOMOBILES"	"30305-01-DLR-0415-6"	"09407310935"				"(Rs.0.49)"	"Rs.4,011.00"	"Rs.4,011.00"	"Rs.0.00"					"TAX INVOICE"	"30305P34"	"30305 MAIN WAREHOUSE50803AAM000S"		"0"		"250e13bcdf5294f6bf41d16471c39d93c309ac74c7b949fe3e8870eb7e96d929"	"ACT"	"142619849219727"	"24/03/2026 03:47:00 PM"					
"30305BC26P60486"	"24/03/2026 03:45:30 PM"	"Credit"		"Open"	"Rs.26,622.03"	"30305-02-PSAO-0326-84878"	"23/03/2026 12:11:47 PM"	"raav auto sales"	"30305-02-ARD-0415-8"	"09407704145"				"(Rs.0.03)"	"Rs.26,622.00"	"Rs.26,622.00"	"Rs.0.00"			"63691-03-PLPO-0326-39"	"STD"	"TAX INVOICE"	"30305P34"	"30305 MAIN WAREHOUSE50803AAM000S"		"0"		"6a897db03c59138bb124f09827b60a4335a3038f701f196c9e82bce6c145f23a"	"ACT"	"142619849195232"	"24/03/2026 03:46:00 PM"					
"30305BC26P60485"	"24/03/2026 03:43:51 PM"	"Credit"		"Open"	"Rs.625.66"	"30305-02-PSAO-0326-84617"	"21/03/2026 03:23:43 PM"	"ANSH AUTO SALES"	"30305-02-SSP-0525-2"					"Rs.0.34"	"Rs.626.00"	"Rs.626.00"	"Rs.0.00"			"24295-02-PLPO-0326-395"	"STD"	"TAX INVOICE"	"30305P34"	"30305 MAIN WAREHOUSE50803AAM000S"		"0"		"a3407e02e8f6b74c91ff41631c115041e7dc0bf5a80c40b1a067d2d76dcddc44"	"ACT"	"142619849170260"	"24/03/2026 03:44:00 PM"					
"30305BC26P60484"	"24/03/2026 03:42:35 PM"	"Credit"		"Open"	"Rs.12,521.71"	"30305-02-PSAO-0326-84628"	"21/03/2026 03:24:48 PM"	"M/S SHYAM AUTO SALES"	"30305-02-ARD-0225-10"					"Rs.0.29"	"Rs.12,522.00"	"Rs.12,522.00"	"Rs.0.00"			"63689-03-PLPO-0326-94"	"STD"	"TAX INVOICE"	"30305P34"	"30305 MAIN WAREHOUSE50803AAM000S"		"0"		"459abe66392a57c08b4e5812c916faa2d882f1af3dca792dfc5bb324dc55916f"	"ACT"	"142619849159984"	"24/03/2026 03:43:00 PM"					
"30305BC26P60483"	"24/03/2026 03:40:47 PM"	"Credit"		"Open"	"Rs.4,482.80"	"30305-02-PSAO-0326-84050"	"19/03/2026 06:19:06 PM"	"SUMITRA SONS"	"30305-02-DLR-0415-1"	"09909207184"				"Rs.0.20"	"Rs.4,483.00"	"Rs.4,483.00"	"Rs.0.00"					"TAX INVOICE"	"30305P34"	"30305 MAIN WAREHOUSE50803AAM000S"		"0"		"ee8489639b2cc39b82c880f36cc884328d71935088a427c731c0c4b144d6152d"	"ACT"	"142619849136558"	"24/03/2026 03:41:00 PM"					
"30305BC26P60482"	"24/03/2026 03:38:30 PM"	"Credit"		"Open"	"Rs.137,784.87"	"30305-02-PSAO-0326-85006"	"23/03/2026 07:07:43 PM"	"SIYARAM AUTO SALES"	"30305-02-SSP-0423-1"					"Rs.0.13"	"Rs.137,785.00"	"Rs.137,785.00"	"Rs.0.00"			"23530-02-PLPO-0326-250"	"STD"	"TAX INVOICE"	"30305P34"	"30305 MAIN WAREHOUSE50803AAM000S"		"0"		"5065b1d908b3bbf29a3b030ccef35ee4fb65693a7530af8ca967d26ccb41dcfd"	"ACT"	"142619849112318"	"24/03/2026 03:39:00 PM"					
"30305BC26P60481"	"24/03/2026 03:37:14 PM"	"Credit"		"Open"	"Rs.16,790.49"	"30305-02-PSAO-0326-84906"	"23/03/2026 01:29:33 PM"	"VANI AUTO"	"30305-01-SSP-0415-2"	"09254241151"				"(Rs.0.49)"	"Rs.16,790.00"	"Rs.16,790.00"	"Rs.0.00"			"20887-02-PLPO-0326-345"	"STD"	"TAX INVOICE"	"30305P34"	"30305 MAIN WAREHOUSE50803AAM000S"		"0"		"51ccc9f12628b53a195e5804cf0f169268fab29c1164c7f09229454d36188176"	"ACT"	"142619849097277"	"24/03/2026 03:37:00 PM"					
"30305BC26P60480"	"24/03/2026 03:31:03 PM"	"Credit"		"Open"	"Rs.1,854.70"	"30305-02-PSAO-0326-83702"	"19/03/2026 10:22:20 AM"	"MOSARAM AUTO SALES"	"30305-01-DLR-0415-1"	"09754001507"				"Rs.0.30"	"Rs.1,855.00"	"Rs.1,855.00"	"Rs.0.00"			"10730-05-PLPO-0326-627"	"VOR"	"TAX INVOICE"	"30305P34"	"30305 MAIN WAREHOUSE50803AAM000S"		"0"		"ec0c888093305a0bbd7fff76a0f25e012775423a8c9d990f2eb6b3048b22cdb2"	"ACT"	"142619849011240"	"24/03/2026 03:31:00 PM"					
"30305BC26P60479"	"24/03/2026 03:27:30 PM"	"Credit"		"Open"	"Rs.3,673.07"	"30305-02-PSAO-0326-84576"	"21/03/2026 02:21:57 PM"	"K.S.AUTOMOBILES"	"30305-01-SSP-0415-8"	"09609503695"				"(Rs.0.07)"	"Rs.3,673.00"	"Rs.3,673.00"	"Rs.0.00"			"20853-02-PLPO-0326-425"	"VOR"	"TAX INVOICE"	"30305P34"	"30305 MAIN WAREHOUSE50803AAM000S"		"0"		"a3f372bdeaa5b5bf49caa0dffd0958aae2412fd43b4614b46a5ba0642c49041c"	"ACT"	"142619848962673"	"24/03/2026 03:28:00 PM"					
"30305BC26P60478"	"24/03/2026 03:26:14 PM"	"Credit"		"Open"	"Rs.3,104.49"	"30305-02-PSAO-0326-83777"	"19/03/2026 12:16:27 PM"	"P5 MOTORS"	"30305-02-DLR-1216-5"	"9950035350C"				"(Rs.0.49)"	"Rs.3,104.00"	"Rs.3,104.00"	"Rs.0.00"			"11617-03-PLPO-0326-254"	"VOR"	"TAX INVOICE"	"30305P34"	"30305 MAIN WAREHOUSE50803AAM000S"		"0"		"23acdd387605534b69c29319c8123ad8f560323731390db3662ad12d55e9e59f"	"ACT"	"142619848944622"	"24/03/2026 03:26:00 PM"					
"30305BC26P60477"	"24/03/2026 03:24:25 PM"	"Credit"		"Open"	"Rs.3,441.36"	"30305-02-PSAO-0326-83321"	"17/03/2026 07:58:51 PM"	"MURTI SPARES"	"30305-01-SSP-0415-9"	"09509402847"				"(Rs.0.36)"	"Rs.3,441.00"	"Rs.3,441.00"	"Rs.0.00"			"21716-02-PLPO-0326-253"	"VOR"	"TAX INVOICE"	"30305P34"	"30305 MAIN WAREHOUSE50803AAM000S"		"0"		"4ecb18cf7f693ec4ab6e5cef05517ca4ab960210aa036c3261bcf2dec9db964c"	"ACT"	"142619848922125"	"24/03/2026 03:24:00 PM"					
"30305BC26P60476"	"24/03/2026 03:23:23 PM"	"Credit"		"Open"	"Rs.1,040.58"	"30305-02-PSAO-0326-83221"	"16/03/2026 05:54:37 PM"	"SHRI BANKEY BIHARI AUTO PVT LTD"	"30305-01-DLR-0415-3"	"09607502146"				"Rs.0.42"	"Rs.1,041.00"	"Rs.1,041.00"	"Rs.0.00"			"10813-03-PLPO-0326-948"	"VOR"	"TAX INVOICE"	"30305P34"	"30305 MAIN WAREHOUSE50803AAM000S"		"0"		"29da65b71de0147e8b90c9989812d1896c9d18c12e131345830ec830e4df4761"	"ACT"	"142619848911086"	"24/03/2026 03:23:00 PM"					
"30305BC26P60475"	"24/03/2026 03:22:28 PM"	"Credit"		"Open"	"Rs.878.05"	"30305-02-PSAO-0326-84941"	"23/03/2026 03:05:33 PM"	"KAMAL MOTORS"	"30305-02-DLR-0525-1"					"(Rs.0.05)"	"Rs.878.00"	"Rs.878.00"	"Rs.0.00"			"10466-03-PLPO-0326-1146"	"VOR"	"TAX INVOICE"	"30305P34"	"30305 MAIN WAREHOUSE50803AAM000S"		"0"		"d3ce1816d6b1fda00cef524dc77ab74f1e805556f24adab9912922cff42a32ea"	"ACT"	"142619848901362"	"24/03/2026 03:23:00 PM"					
"30305BC26P60474"	"24/03/2026 03:21:42 PM"	"Credit"		"Open"	"Rs.499.41"	"30305-02-PSAO-0326-83537"	"18/03/2026 02:24:48 PM"	"BALAJI AUTOMOBILES"	"30305-02-SSP-0222-1"					"(Rs.0.41)"	"Rs.499.00"	"Rs.499.00"	"Rs.0.00"			"23406-02-PLPO-0326-399"	"VOR"	"TAX INVOICE"	"30305P34"	"30305 MAIN WAREHOUSE50803AAM000S"		"0"		"9ba7f37a6480c05a144416bb1912b5f113c041d838be9eba50fb7ceb4ed0017d"	"ACT"	"142619848892435"	"24/03/2026 03:22:00 PM"					
"30305BC26P60473"	"24/03/2026 02:46:30 PM"	"Credit"		"Open"	"Rs.72,859.77"	"30305-02-PSAO-0326-84752"	"23/03/2026 09:43:55 AM"	"KUSHWAHA AUTO"	"30305-02-SSP-0515-9"	"09809207175C"				"Rs.0.23"	"Rs.72,860.00"	"Rs.72,860.00"	"Rs.0.00"			"22785-02-PLPO-0326-385"	"STD"	"TAX INVOICE"	"30305P34"	"30305 MAIN WAREHOUSE50803AAM000S"		"0"		"cd4394550c1d6b2c476c22bf2b3b947f21917918d78652f40bd57267fe9026e6"	"ACT"	"142619848528886"	"24/03/2026 02:47:00 PM"					
"30305BC26P60472"	"24/03/2026 02:43:45 PM"	"Credit"		"Open"	"Rs.17,682.81"	"30305-02-PSAO-0326-84799"	"23/03/2026 10:16:20 AM"	"RUDRARPIT AUTO SALES"	"30305-02-ARD-1222-11"					"Rs.0.19"	"Rs.17,683.00"	"Rs.17,683.00"	"Rs.0.00"					"TAX INVOICE"	"30305P34"	"30305 MAIN WAREHOUSE50803AAM000S"		"0"		"94b955f5332c2958c8c3fe7536924062cab9304245a445b0f93a4e6cac64db42"	"ACT"	"142619848497197"	"24/03/2026 02:44:00 PM"					
"30305BC26P60471"	"24/03/2026 02:42:24 PM"	"Credit"		"Open"	"Rs.1,337.16"	"30305-02-PSAO-0326-84721"	"23/03/2026 09:39:00 AM"	"GYAN AUTOMOBILES"	"30305-02-SSP-1222-4"					"(Rs.0.16)"	"Rs.1,337.00"	"Rs.1,337.00"	"Rs.0.00"			"21555-02-PLPO-0326-332"	"STD"	"TAX INVOICE"	"30305P34"	"30305 MAIN WAREHOUSE50803AAM000S"		"0"		"9131324865cc5778c93714c0b274ad6ab9713d9a8a10469308d563d5254cf4e7"	"ACT"	"142619848483945"	"24/03/2026 02:42:00 PM"					
"30305BC26P60470"	"24/03/2026 02:41:29 PM"	"Credit"		"Open"	"Rs.9,639.14"	"30305-02-PSAO-0326-84024"	"19/03/2026 06:02:04 PM"	"BRIGHT MOTORS"	"30305-02-DLR-1124-2"					"(Rs.0.14)"	"Rs.9,639.00"	"Rs.9,639.00"	"Rs.0.00"					"TAX INVOICE"	"30305P34"	"30305 MAIN WAREHOUSE50803AAM000S"		"0"		"c4f5f694acf925dcaeb904e2864d15764ae00b7dabba75d8ea1374ee77a23a29"	"ACT"	"142619848475186"	"24/03/2026 02:42:00 PM"					
"30305BC26P60469"	"24/03/2026 02:39:00 PM"	"Credit"		"Open"	"Rs.90,228.87"	"30305-02-PSAO-0326-84896"	"23/03/2026 01:02:01 PM"	"MURTI SPARES"	"30305-01-SSP-0415-9"	"09509402847"				"Rs.0.13"	"Rs.90,229.00"	"Rs.90,229.00"	"Rs.0.00"			"21716-01-PLPO-0326-278"	"STD"	"TAX INVOICE"	"30305P34"	"30305 MAIN WAREHOUSE50803AAM000S"		"0"		"1567d4a7992e4dfc7a5a0988d7011d8afc93a2902969fb4ee423a836e7c328a1"	"ACT"	"142619848446768"	"24/03/2026 02:39:00 PM"					
"30305BC26P60468"	"24/03/2026 02:38:08 PM"	"Credit"		"Open"	"Rs.11,469.07"	"30305-02-PSAO-0326-84614"	"21/03/2026 03:23:25 PM"	"VANI AUTO"	"30305-01-SSP-0415-2"	"09254241151"				"(Rs.0.07)"	"Rs.11,469.00"	"Rs.11,469.00"	"Rs.0.00"			"20887-02-PLPO-0326-344"	"STD"	"TAX INVOICE"	"30305P34"	"30305 MAIN WAREHOUSE50803AAM000S"		"0"		"55d37857e42bfb6910c3f88ce86aff8a146afc5de32302b113a0fc0fc7c3f500"	"ACT"	"142619848436789"	"24/03/2026 02:38:00 PM"					
"30305BC26P60467"	"24/03/2026 02:37:10 PM"	"Credit"		"Open"	"Rs.5,867.84"	"30305-02-PSAO-0326-83795"	"19/03/2026 12:21:57 PM"	"KAMAL MOTORS"	"30305-02-DLR-0525-1"					"Rs.0.16"	"Rs.5,868.00"	"Rs.5,868.00"	"Rs.0.00"					"TAX INVOICE"	"30305P34"	"30305 MAIN WAREHOUSE50803AAM000S"		"0"		"1bb1b4ad3f5403640e8da8625e7a1157b7b8d0901999995f4c599b9b8ed31b99"	"ACT"	"142619848429132"	"24/03/2026 02:37:00 PM"					
"30305BC26P60466"	"24/03/2026 02:34:44 PM"	"Credit"		"Open"	"Rs.467.80"	"30305-02-PSAO-0326-85060"	"24/03/2026 11:18:27 AM"	"K K AUTOMOBILES"	"30305-02-ARD-0516-37"	"09207311196"				"Rs.0.20"	"Rs.468.00"	"Rs.468.00"	"Rs.0.00"			"65104-03-PLPO-0226-84"	"STD"	"TAX INVOICE"	"30305P34"	"30305 MAIN WAREHOUSE50803AAM000S"		"0"		"d3c4dbfa0b29b3292a78b109a0291457018b00e56f9c91e0ffd90314a904aecc"	"ACT"	"142619848402463"	"24/03/2026 02:35:00 PM"					
"30305BC26P60465"	"24/03/2026 02:33:37 PM"	"Credit"		"Open"	"Rs.303.75"	"30305-02-PSAO-0326-84616"	"21/03/2026 03:23:37 PM"	"SRIRAM GOMTI AUTOMOBILES"	"30305-01-SSP-0415-3"	"09954200732"				"Rs.0.25"	"Rs.304.00"	"Rs.304.00"	"Rs.0.00"			"22484-01-PLPO-0326-469"	"STD"	"TAX INVOICE"	"30305P34"	"30305 MAIN WAREHOUSE50803AAM000S"		"0"		"07792cfe9c73176f89a196d88407a17d5fcaa9f6a912f55744e0d7946e2a785d"	"ACT"	"142619848392023"	"24/03/2026 02:34:00 PM"					
"30305BC26P60464"	"24/03/2026 02:21:36 PM"	"Credit"		"Open"	"Rs.4,734.55"	"30305-02-PSAO-0326-84325"	"20/03/2026 04:39:18 PM"	"SONA AUTO SALES"	"30305-02-SSP-0515-12"	"09507302798"				"Rs.0.45"	"Rs.4,735.00"	"Rs.4,735.00"	"Rs.0.00"			"22691-02-PLPO-0326-321"	"VOR"	"TAX INVOICE"	"30305P34"	"30305 MAIN WAREHOUSE50803AAM000S"		"0"		"95795e558c217bcdd03ce62fdbb136419c7b66be5955fad56fa910e4118ec9e9"	"ACT"	"142619848271410"	"24/03/2026 02:22:00 PM"					
"30305BC26P60463"	"24/03/2026 02:17:48 PM"	"Credit"		"Open"	"Rs.1,786.06"	"30305-02-PSAO-0326-83788"	"19/03/2026 12:19:47 PM"	"GOVIND AUTO SALES"	"30305-02-SSP-1222-3"					"(Rs.0.06)"	"Rs.1,786.00"	"Rs.1,786.00"	"Rs.0.00"			"23480-02-PLPO-0326-215"	"VOR"	"TAX INVOICE"	"30305P34"	"30305 MAIN WAREHOUSE50803AAM000S"		"0"		"56e75e96e12e14a3b6471de72260ef84681c03a0988c3c22424005be72f9f910"	"ACT"	"142619848233854"	"24/03/2026 02:18:00 PM"					
"30305BC26P60462"	"24/03/2026 02:17:01 PM"	"Credit"		"Open"	"Rs.200.67"	"30305-02-PSAO-0326-84947"	"23/03/2026 03:26:25 PM"	"PRASHANT KUMAR & COMPANY"	"30305-02-SSP-0415-7"	"09109205811"				"Rs.0.33"	"Rs.201.00"	"Rs.201.00"	"Rs.0.00"			"22342-02-PLPO-0326-538"	"VOR"	"TAX INVOICE"	"30305P34"	"30305 MAIN WAREHOUSE50803AAM000S"		"0"		"f311ea92d8e470037b178f2c1c788b41bec11bc78d8148f249c766c91c251ada"	"ACT"	"142619848225970"	"24/03/2026 02:17:00 PM"					
"30305BC26P60461"	"24/03/2026 02:16:15 PM"	"Credit"		"Open"	"Rs.380.46"	"30305-02-PSAO-0326-84948"	"23/03/2026 03:42:37 PM"	"SHRI HARI AUTOMOBILE"	"30305-02-SSP-0525-15"					"(Rs.0.46)"	"Rs.380.00"	"Rs.380.00"	"Rs.0.00"			"23920-02-PLPO-0326-396"	"VOR"	"TAX INVOICE"	"30305P34"	"30305 MAIN WAREHOUSE50803AAM000S"		"0"		"fe743860e34a168cd8a815d66782f654742ff4af358997bebd039c991501dc55"	"ACT"	"142619848218217"	"24/03/2026 02:16:00 PM"					
"30305BC26P60460"	"24/03/2026 02:15:36 PM"	"Credit"		"Open"	"Rs.1,571.77"	"30305-02-PSAO-0326-83809"	"19/03/2026 12:37:34 PM"	"MOSARAM BUSINESS & SERVICES PVT LTD"	"30305-02-DLR-0225-6"					"Rs.0.23"	"Rs.1,572.00"	"Rs.1,572.00"	"Rs.0.00"			"17011-03-PLPO-0326-497"	"VOR"	"TAX INVOICE"	"30305P34"	"30305 MAIN WAREHOUSE50803AAM000S"		"0"		"a3483ab8d7b858f53ff180a0d74c44fb9e5724226fcdd488d5a7d1bf6b5a8c96"	"ACT"	"142619848212055"	"24/03/2026 02:16:00 PM"					
"30305BC26P60459"	"24/03/2026 02:14:59 PM"	"Credit"		"Open"	"Rs.752.74"	"30305-02-PSAO-0326-83283"	"17/03/2026 07:56:45 PM"	"OM SRI MOTORS"	"30305-01-SSP-0415-7"	"09107301367"				"Rs.0.26"	"Rs.753.00"	"Rs.753.00"	"Rs.0.00"			"22755-02-PLPO-0326-366"	"VOR"	"TAX INVOICE"	"30305P34"	"30305 MAIN WAREHOUSE50803AAM000S"		"0"		"d23cd2deff10fc7ee6200c1680177a291b0ecff19cce1499a7fa91b82be79272"	"ACT"	"142619848206249"	"24/03/2026 02:15:00 PM"					
"30305BC26P60458"	"24/03/2026 02:14:24 PM"	"Credit"		"Open"	"Rs.1,171.33"	"30305-02-PSAO-0326-84943"	"23/03/2026 03:07:09 PM"	"ARSHI AUTOMOBILES"	"30305-02-SSP-0415-3"	"09107802171"				"(Rs.0.33)"	"Rs.1,171.00"	"Rs.1,171.00"	"Rs.0.00"			"22608-02-PLPO-0326-337"	"VOR"	"TAX INVOICE"	"30305P34"	"30305 MAIN WAREHOUSE50803AAM000S"		"0"		"3ce4c7c16d32d532ed545d076187bd60c1bd0f87e8a08e39a73c075bb59603f9"	"ACT"	"142619848201040"	"24/03/2026 02:14:00 PM"					
"30305BC26P60457"	"24/03/2026 02:14:01 PM"	"Credit"		"Open"	"Rs.45,200.46"	"30305-02-PSAO-0226-73590"	"07/02/2026 10:06:59 AM"	"SHRI RAM AUTO"	"30305-02-ARD-1219-5"					"(Rs.0.46)"	"Rs.45,200.00"	"Rs.45,200.00"	"Rs.0.00"			"66435-03-PLPO-0226-41"	"STD"	"TAX INVOICE"	"30305P34"	"30305 MAIN WAREHOUSE50803AAM000S"		"0"		"1d600a0f75bdd1c44a39df68d0f90eeeb38c03de82b0ae4e14b6e803705628a8"	"ACT"	"142619848200388"	"24/03/2026 02:14:00 PM"					
"30305BC26P60456"	"24/03/2026 02:12:23 PM"	"Credit"		"Open"	"Rs.221.14"	"30305-02-PSAO-0326-84764"	"23/03/2026 09:45:34 AM"	"M/S Patel Autoways"	"30305-01-ARD-0415-30"	"09907501871"				"(Rs.0.14)"	"Rs.221.00"	"Rs.221.00"	"Rs.0.00"			"61969-03-PLPO-0326-194"	"STD"	"TAX INVOICE"	"30305P34"	"30305 MAIN WAREHOUSE50803AAM000S"		"0"		"40dcc9968e973262102dab7a7fbb8de33d38870e96c8ce7fcf15d7d4996fcbf7"	"ACT"	"142619848181001"	"24/03/2026 02:12:00 PM"					
"30305BC26P60455"	"24/03/2026 02:11:22 PM"	"Credit"		"Open"	"Rs.467.80"	"30305-02-PSAO-0326-85059"	"24/03/2026 11:17:36 AM"	"RASAADNA MOTOS"	"30305-01-ARD-0415-4"	"09354005498"				"Rs.0.20"	"Rs.468.00"	"Rs.468.00"	"Rs.0.00"					"TAX INVOICE"	"30305P34"	"30305 MAIN WAREHOUSE50803AAM000S"		"0"		"661cf79208067a783bda8a157ec347e9a257928d013f35ee67b468a93b02eea4"	"ACT"	"142619848170458"	"24/03/2026 02:11:00 PM"					
"30305BC26P60454"	"24/03/2026 02:10:03 PM"	"Credit"		"Open"	"Rs.907.95"	"30305-02-PSAO-0326-85058"	"24/03/2026 11:16:57 AM"	"AYUSH AUTO SALES"	"30305-02-SSP-1222-5"					"Rs.0.05"	"Rs.908.00"	"Rs.908.00"	"Rs.0.00"					"TAX INVOICE"	"30305P34"	"30305 MAIN WAREHOUSE50803AAM000S"		"0"		"191989cfcd380d4d35ebc75c113f36e3906a9b21ff9013196786dda4e6499809"	"ACT"	"142619848156245"	"24/03/2026 02:10:00 PM"					
"30305BC26P60453"	"24/03/2026 02:08:36 PM"	"Credit"		"Open"	"Rs.3,260.37"	"30305-02-PSAO-0326-85055"	"24/03/2026 11:14:28 AM"	"JAISWAL MART"	"30305-01-SSP-0415-6"	"09707304221"				"(Rs.0.37)"	"Rs.3,260.00"	"Rs.3,260.00"	"Rs.0.00"			"21845-02-PLPO-0326-175"	"STD"	"TAX INVOICE"	"30305P34"	"30305 MAIN WAREHOUSE50803AAM000S"		"0"		"1559cd977721f2965c62a9901d0fe8385554a9454ac9f824d8326645b435513a"	"ACT"	"142619848144107"	"24/03/2026 02:09:00 PM"					
"30305BC26P60452"	"24/03/2026 01:44:59 PM"	"Credit"		"Open"	"Rs.19,255.05"	"30305-02-PSAO-0326-85114"	"24/03/2026 01:26:41 PM"	"BALAJI AUTOMOBILES"	"30305-02-ARD-1022-6"					"(Rs.0.05)"	"Rs.19,255.00"	"Rs.19,255.00"	"Rs.0.00"			"67575-03-PLPO-0326-220"	"ZGOI"	"TAX INVOICE"	"30305P31"	"30305 MAIN WAREHOUSE50803AAM000S"		"0"		"32fff65832dc41b59c9cb49412f71166b09c70faa38283a13b00e637ab573eba"	"ACT"	"142619847903150"	"24/03/2026 01:45:00 PM"					
"30305BC26P60451"	"24/03/2026 01:44:21 PM"	"Credit"		"Open"	"Rs.32,091.75"	"30305-02-PSAO-0326-85111"	"24/03/2026 01:26:30 PM"	"Navaid Automobiles"	"30305-02-ARD-1017-47"					"Rs.0.25"	"Rs.32,092.00"	"Rs.32,092.00"	"Rs.0.00"			"65600-03-PLPO-0326-311"	"ZGOI"	"TAX INVOICE"	"30305P31"	"30305 MAIN WAREHOUSE50803AAM000S"		"0"		"c8e589d5acb8bb6fac481a467d809c696179b531f3689bf35d488a40822f4f4e"	"ACT"	"142619847897293"	"24/03/2026 01:44:00 PM"					
"30305BC26P60450"	"24/03/2026 01:42:46 PM"	"Credit"		"Open"	"Rs.126,830.18"	"30305-02-PSAO-0326-85116"	"24/03/2026 01:26:46 PM"	"PRASHANT KUMAR & COMPANY"	"30305-02-SSP-0415-7"	"09109205811"				"(Rs.0.18)"	"Rs.126,830.00"	"Rs.126,830.00"	"Rs.0.00"			"22342-02-PLPO-0326-550"	"ZGOI"	"TAX INVOICE"	"30305P31"	"30305 MAIN WAREHOUSE50803AAM000S"		"0"		"b0a6fa79c20dfbb09afc835bc71115ad2d3a0bae125fd8a472ca73f9c700172e"	"ACT"	"142619847878988"	"24/03/2026 01:43:00 PM"					
"30305BC26P60449"	"24/03/2026 01:40:42 PM"	"Credit"		"Open"	"Rs.48,426.07"	"30305-02-PSAO-0326-85117"	"24/03/2026 01:26:51 PM"	"SHRI NARAIN AUTO"	"30305-01-DLR-0415-2"	"09754001022"				"(Rs.0.07)"	"Rs.48,426.00"	"Rs.48,426.00"	"Rs.0.00"			"11654-03-PLPO-0326-739"	"ZGOI"	"TAX INVOICE"	"30305P31"	"30305 MAIN WAREHOUSE50803AAM000S"		"0"		"9f44a0453043c943f53ea6f75a45ff98baaef8b20659989a584b62396e678107"	"ACT"	"142619847858221"	"24/03/2026 01:41:00 PM"					
"30305BC26P60448"	"24/03/2026 01:40:05 PM"	"Credit"		"Open"	"Rs.4,782.34"	"30305-02-PSAO-0326-83502"	"18/03/2026 01:15:43 PM"	"SAGAR AUTOMOBILES"	"30305-02-PD-0620-2"					"(Rs.0.34)"	"Rs.4,782.00"	"Rs.4,782.00"	"Rs.0.00"			"500311-02-PLPO-0326-862"	"STD"	"TAX INVOICE"	"30305P34"	"30305 MAIN WAREHOUSE50803AAM000S"		"0"		"9e81d50a19a61db5a447fbc550cf70ae221641e86dee6f57ad9244ec647d97c1"	"ACT"	"142619847851662"	"24/03/2026 01:40:00 PM"					
"30305BC26P60447"	"24/03/2026 01:39:28 PM"	"Credit"		"Open"	"Rs.8,647.51"	"30305-02-PSAO-0326-85109"	"24/03/2026 01:26:19 PM"	"SHRI BANKEY BIHARI AUTO PVT LTD"	"30305-01-DLR-0415-3"	"09607502146"				"Rs.0.49"	"Rs.8,648.00"	"Rs.8,648.00"	"Rs.0.00"			"10813-03-PLPO-0326-973"	"ZGOI"	"TAX INVOICE"	"30305P31"	"30305 MAIN WAREHOUSE50803AAM000S"		"0"		"9bf4476f145285cb23c30e0977649ffaeea7506ea9ed64deded32ebe0b694a95"	"ACT"	"142619847845689"	"24/03/2026 01:40:00 PM"					
"30305BC26P60446"	"24/03/2026 01:39:04 PM"	"Credit"		"Open"	"Rs.837.92"	"30305-02-PSAO-0326-85119"	"24/03/2026 01:38:09 PM"	"SAGAR AUTOMOBILES"	"30305-02-PD-0620-2"					"Rs.0.08"	"Rs.838.00"	"Rs.838.00"	"Rs.0.00"					"TAX INVOICE"	"30305P34"	"30305 MAIN WAREHOUSE50803AAM000S"		"0"		"199c7d8ce238521212b8845678d9aa7006b4835f6a90f3c75a823af37310cee6"	"ACT"	"142619847842840"	"24/03/2026 01:39:00 PM"					
"30305BC26P60445"	"24/03/2026 01:39:00 PM"	"Credit"		"Open"	"Rs.7,206.26"	"30305-02-PSAO-0326-85106"	"24/03/2026 01:23:11 PM"	"SHRI BANKEY BIHARI AUTO PVT LTD"	"30305-01-DLR-0415-3"	"09607502146"				"(Rs.0.26)"	"Rs.7,206.00"	"Rs.7,206.00"	"Rs.0.00"			"10813-03-PLPO-0326-974"	"ZHOI"	"TAX INVOICE"	"30305P31"	"30305 MAIN WAREHOUSE50803AAM000S"		"0"		"5f6d58364b9b85578dc8c1b2293bc58fdebf857de8f55f7edcb4120746d8e572"	"ACT"	"142619847841920"	"24/03/2026 01:39:00 PM"					
"30305BC26P60444"	"24/03/2026 01:37:26 PM"	"Credit"		"Open"	"Rs.18,882.64"	"30305-02-PSAO-0326-85041"	"24/03/2026 11:06:35 AM"	"SAGAR AUTOMOBILES"	"30305-02-PD-0620-2"					"Rs.0.36"	"Rs.18,883.00"	"Rs.18,883.00"	"Rs.0.00"					"TAX INVOICE"	"30305P34"	"30305 MAIN WAREHOUSE50803AAM000S"		"0"		"ac7887e8d5858b3cda60196244c061a1d0dc72fccb644db5ceda1b741891c12e"	"ACT"	"142619847825913"	"24/03/2026 01:38:00 PM"					
"30305BC26P60443"	"24/03/2026 01:33:57 PM"	"Credit"		"Open"	"Rs.61,583.09"	"30305-02-PSAO-0326-84583"	"21/03/2026 02:42:18 PM"	"SAGAR AUTOMOBILES"	"30305-02-PD-0620-2"					"(Rs.0.09)"	"Rs.61,583.00"	"Rs.61,583.00"	"Rs.0.00"					"TAX INVOICE"	"30305P34"	"30305 MAIN WAREHOUSE50803AAM000S"		"0"		"b150faac75363aadc4271a3fef69ee4558d9486eb6496e4c23b74b770ae95e9c"	"ACT"	"142619847791801"	"24/03/2026 01:34:00 PM"					
"30305BC26P60442"	"24/03/2026 01:20:05 PM"	"Credit"		"Closed"	"Rs.514,032.44"	"30305-02-PSAO-0326-85103"	"24/03/2026 01:01:29 PM"	"PRINCE AUTO DISTRIBUTORS"	"30305-02-PD-0223-2"					"(Rs.0.44)"	"Rs.514,032.00"	"Rs.514,032.00"	"Rs.0.00"					"TAX INVOICE"	"30305P31"	"30305 MAIN WAREHOUSE50803AAM000S"		"0"		"16df67feda44fb844cad88eb22b40ff4d0152e9392d07968f76c4cf68bcd73ae"	"ACT"	"142619847640826"	"24/03/2026 01:21:00 PM"					
"30305BC26P60441"	"24/03/2026 01:09:41 PM"	"Credit"		"Open"	"Rs.51,478.35"	"30305-02-PSAO-0326-84898"	"23/03/2026 01:02:40 PM"	"M L MOTORS"	"30305-02-SSP-0525-5"					"(Rs.0.35)"	"Rs.51,478.00"	"Rs.51,478.00"	"Rs.0.00"			"22322-02-PLPO-0326-112"	"STD"	"TAX INVOICE"	"30305P34"	"30305 MAIN WAREHOUSE50803AAM000S"		"0"		"c3ef713122c3486419c4e9cddd83b262bc4424d4296b341fc2c6a12dc0cbc77f"	"ACT"	"142619847500768"	"24/03/2026 01:10:00 PM"					
"30305BC26P60440"	"24/03/2026 01:08:17 PM"	"Credit"		"Open"	"Rs.43,907.63"	"30305-02-PSAO-0326-84631"	"21/03/2026 03:25:11 PM"	"Krisna Auto Service"	"30305-01-ARD-0415-18"	"09307705866"				"Rs.0.37"	"Rs.43,908.00"	"Rs.43,908.00"	"Rs.0.00"			"62494-03-PLPO-0326-38"	"STD"	"TAX INVOICE"	"30305P34"	"30305 MAIN WAREHOUSE50803AAM000S"		"0"		"05c42f0bdb4f40ecbb32fd12f64a07d8add63d3730df362af7e55b06479b97de"	"ACT"	"142619847484707"	"24/03/2026 01:08:00 PM"					
"30305BC26P60439"	"24/03/2026 01:07:22 PM"	"Credit"		"Open"	"Rs.57,919.02"	"30305-02-PSAO-0326-84872"	"23/03/2026 12:10:48 PM"	"SRIRAM GOMTI AUTOMOBILES"	"30305-01-SSP-0415-3"	"09954200732"				"(Rs.0.02)"	"Rs.57,919.00"	"Rs.57,919.00"	"Rs.0.00"			"22484-01-PLPO-0326-471"	"STD"	"TAX INVOICE"	"30305P34"	"30305 MAIN WAREHOUSE50803AAM000S"		"0"		"09aa15feba7fd976e4953397b6b659c4ab18ae286a43a28f0ca9b1cc6bafafbf"	"ACT"	"142619847475620"	"24/03/2026 01:07:00 PM"					
"30305BC26P60438"	"24/03/2026 01:06:00 PM"	"Credit"		"Open"	"Rs.1,643.39"	"30305-02-PSAO-0326-84592"	"21/03/2026 02:45:25 PM"	"JOY AUTO SALES"	"30305-02-SSP-0125-6"					"(Rs.0.39)"	"Rs.1,643.00"	"Rs.1,643.00"	"Rs.0.00"					"TAX INVOICE"	"30305P34"	"30305 MAIN WAREHOUSE50803AAM000S"		"0"		"92be457405934f9babaa9f87b39fd81878abb1abafcfd0e70b2e9c3126774368"	"ACT"	"142619847461104"	"24/03/2026 01:06:00 PM"					
"30305BC26P60437"	"24/03/2026 01:03:09 PM"	"Credit"		"Open"	"Rs.2,857.57"	"30305-02-PSAO-0326-84188"	"20/03/2026 01:29:48 PM"	"RAJARAM AUTO SALES"	"30305-02-SSP-1220-1"					"Rs.0.43"	"Rs.2,858.00"	"Rs.2,858.00"	"Rs.0.00"					"TAX INVOICE"	"30305P34"	"30305 MAIN WAREHOUSE50803AAM000S"		"0"		"36124b4e788732b69e5bae716a61ae4d7cef7e70c0c316116bf24d31d1456e97"	"ACT"	"142619847423177"	"24/03/2026 01:03:00 PM"					
"30305BC26P60436"	"24/03/2026 12:58:43 PM"	"Credit"		"Open"	"Rs.204.13"	"30305-02-PSAO-0326-83978"	"19/03/2026 04:13:30 PM"	"K.M.AUTO SALES"	"30305-02-ARD-0225-4"					"(Rs.0.13)"	"Rs.204.00"	"Rs.204.00"	"Rs.0.00"			"63163-03-PLPO-0326-152"	"STD"	"TAX INVOICE"	"30305P34"	"30305 MAIN WAREHOUSE50803AAM000S"		"0"		"f22950bd4ea8f1373e5a17bf5bff40f4544a67b0aa8cb5416023e21bd2131f4b"	"ACT"	"142619847364670"	"24/03/2026 12:59:00 PM"					
"30305BC26P60435"	"24/03/2026 12:57:24 PM"	"Credit"		"Open"	"Rs.141,361.93"	"30305-02-PSAO-0326-85040"	"24/03/2026 10:42:46 AM"	"BRIGHT MOTORS"	"30305-02-DLR-1124-2"					"Rs.0.07"	"Rs.141,362.00"	"Rs.141,362.00"	"Rs.0.00"			"11281-03-PLPO-0326-755"	"STD"	"TAX INVOICE"	"30305P34"	"30305 MAIN WAREHOUSE50803AAM000S"		"0"		"c7a5e4b9e6cc25cf48e2ec95fb2f4ffad45c7bb84fa78e5d516b717d6869d2f0"	"ACT"	"142619847350631"	"24/03/2026 12:57:00 PM"					
"30305BC26P60434"	"24/03/2026 12:56:02 PM"	"Credit"		"Open"	"Rs.3,392.82"	"30305-02-PSAO-0326-84254"	"20/03/2026 04:14:02 PM"	"VERMA AUTO SALES"	"30305-02-ARD-0821-3"					"Rs.0.18"	"Rs.3,393.00"	"Rs.3,393.00"	"Rs.0.00"					"TAX INVOICE"	"30305P34"	"30305 MAIN WAREHOUSE50803AAM000S"		"0"		"9666b95562a3bb23886a42812f44ef5a340a2359c65a7e8ba803e9754aed79a4"	"ACT"	"142619847331034"	"24/03/2026 12:56:00 PM"					
"30305BC26P60433"	"24/03/2026 12:53:42 PM"	"Credit"		"Open"	"Rs.7,073.76"	"30305-02-PSAO-0326-84754"	"23/03/2026 09:44:46 AM"	"RAJARAM AUTO SALES"	"30305-02-SSP-1220-1"					"Rs.0.24"	"Rs.7,074.00"	"Rs.7,074.00"	"Rs.0.00"			"22992-02-PLPO-0326-458"	"STD"	"TAX INVOICE"	"30305P34"	"30305 MAIN WAREHOUSE50803AAM000S"		"0"		"9edc708a5b6c4be0a5fed400d3fa135503fca84e448bb5fde57dd055f3abe471"	"ACT"	"142619847299516"	"24/03/2026 12:54:00 PM"					
"30305BC26P60432"	"24/03/2026 12:51:06 PM"	"Credit"		"Open"	"Rs.56,089.97"	"30305-02-PSAO-0326-84808"	"23/03/2026 10:50:09 AM"	"BALAJI AUTOMOBILES"	"30305-02-ARD-1022-6"					"Rs.0.03"	"Rs.56,090.00"	"Rs.56,090.00"	"Rs.0.00"			"67575-03-PLPO-0326-217"	"STD"	"TAX INVOICE"	"30305P34"	"30305 MAIN WAREHOUSE50803AAM000S"		"0"		"4894d09b2d023275bacc5a982ef1878ec3f96a653ab179bf0be3904da2a0c050"	"ACT"	"142619847279488"	"24/03/2026 12:52:00 PM"					
"30305BC26P60431"	"24/03/2026 12:49:10 PM"	"Credit"		"Open"	"Rs.19,110.72"	"30305-02-PSAO-0326-84565"	"21/03/2026 02:20:34 PM"	"SHRI NARAIN AUTO"	"30305-01-DLR-0415-2"	"09754001022"				"Rs.0.28"	"Rs.19,111.00"	"Rs.19,111.00"	"Rs.0.00"			"11654-03-PLPO-0326-697"	"VOR"	"TAX INVOICE"	"30305P34"	"30305 MAIN WAREHOUSE50803AAM000S"		"0"		"f9f0b6c8428d6b1f941bb5aa64e726604e3f9004e73942d54761a331368e2dd9"	"ACT"	"142619847239170"	"24/03/2026 12:49:00 PM"					
"30305BC26P60430"	"24/03/2026 12:45:57 PM"	"Credit"		"Open"	"Rs.5,460.09"	"30305-02-PSAO-0326-84703"	"21/03/2026 06:54:58 PM"	"PRASHANT KUMAR & COMPANY"	"30305-02-SSP-0415-7"	"09109205811"				"(Rs.0.09)"	"Rs.5,460.00"	"Rs.5,460.00"	"Rs.0.00"			"22342-02-PLPO-0326-542"	"VOR"	"TAX INVOICE"	"30305P34"	"30305 MAIN WAREHOUSE50803AAM000S"		"0"		"fa1c0938b9c4e7fa6a64fe3ffdb8721a97c722a6456799cbf617c731dba2e78c"	"ACT"	"142619847190321"	"24/03/2026 12:46:00 PM"					
"30305BC26P60429"	"24/03/2026 12:45:40 PM"	"Credit"		"Open"	"Rs.7,540.07"	"30305-02-PSAO-0326-84806"	"23/03/2026 10:31:17 AM"	"SHRI KASHIRAM AUTO SALES"	"30305-02-ARD-0820-1"					"(Rs.0.07)"	"Rs.7,540.00"	"Rs.7,540.00"	"Rs.0.00"					"TAX INVOICE"	"30305P34"	"30305 MAIN WAREHOUSE50803AAM000S"		"0"		"4e21ff7ca53ff33e80d8e0000f310eeb06824285fbf45b4666cc25f94b96551f"	"ACT"	"142619847185639"	"24/03/2026 12:46:00 PM"					
"30305BC26P60428"	"24/03/2026 12:44:56 PM"	"Credit"		"Open"	"Rs.3,532.31"	"30305-02-PSAO-0326-84357"	"20/03/2026 04:56:46 PM"	"INDIAN AUTO SALES"	"30305-02-ARD-0517-44"	"09207317273S"				"(Rs.0.31)"	"Rs.3,532.00"	"Rs.3,532.00"	"Rs.0.00"					"TAX INVOICE"	"30305P34"	"30305 MAIN WAREHOUSE50803AAM000S"		"0"		"10ececda41139477a88a8f86aba3d5ce5430b1b9517655cc50263d427ac5813a"	"ACT"	"142619847175988"	"24/03/2026 12:45:00 PM"					
"30305BC26P60427"	"24/03/2026 12:44:11 PM"	"Credit"		"Open"	"Rs.2,049.49"	"30305-02-PSAO-0326-84301"	"20/03/2026 04:37:20 PM"	"KIPPS AUTO SERVICE"	"30305-02-SSP-0415-5"	"09507502486"				"(Rs.0.49)"	"Rs.2,049.00"	"Rs.2,049.00"	"Rs.0.00"			"20669-02-PLPO-0326-479"	"VOR"	"TAX INVOICE"	"30305P34"	"30305 MAIN WAREHOUSE50803AAM000S"		"0"		"5613eb1a22ac611092167d6d327fbe497b6cb0466a261592404d50e18f9d4ed3"	"ACT"	"142619847168313"	"24/03/2026 12:44:00 PM"					
"30305BC26P60426"	"24/03/2026 12:43:44 PM"	"Credit"		"Open"	"Rs.4,845.18"	"30305-02-PSAO-0326-82757"	"14/03/2026 05:51:39 PM"	"S.K.AGENCIES"	"30305-02-PD-0320-2"					"(Rs.0.18)"	"Rs.4,845.00"	"Rs.4,845.00"	"Rs.0.00"			"500325-02-PLPO-0326-205"	"STD"	"TAX INVOICE"	"30305P34"	"30305 MAIN WAREHOUSE50803AAM000S"		"0"		"b6398788e1796b631413bc278ab69e015f323799d18a60e7a77977c54bae249b"	"ACT"	"142619847163497"	"24/03/2026 12:44:00 PM"					
"30305BC26P60425"	"24/03/2026 12:42:52 PM"	"Credit"		"Open"	"Rs.6,131.15"	"30305-02-PSAO-0326-84804"	"23/03/2026 10:28:35 AM"	"KHANDELWAL AUTOMOBILES"	"30305-01-DLR-0415-6"	"09407310935"				"(Rs.0.15)"	"Rs.6,131.00"	"Rs.6,131.00"	"Rs.0.00"					"TAX INVOICE"	"30305P34"	"30305 MAIN WAREHOUSE50803AAM000S"		"0"		"16d22c645f17c70bd9226c67be7e5185701ba894369ddfab55a9d1ad718dbbee"	"ACT"	"142619847154143"	"24/03/2026 12:43:00 PM"					
"30305BC26P60424"	"24/03/2026 12:42:26 PM"	"Credit"		"Open"	"Rs.2,073.43"	"30305-02-PSAO-0326-84735"	"23/03/2026 09:41:45 AM"	"SHRI HARI AUTOMOBILE"	"30305-02-SSP-0525-15"					"(Rs.0.43)"	"Rs.2,073.00"	"Rs.2,073.00"	"Rs.0.00"			"23920-02-PLPO-0326-400"	"VOR"	"TAX INVOICE"	"30305P34"	"30305 MAIN WAREHOUSE50803AAM000S"		"0"		"7e31800b7773fe4a03eb474197df6e4c3ebd5d159c1ee245ab8f72af8ff83aee"	"ACT"	"142619847148841"	"24/03/2026 12:42:00 PM"					
"30305BC26P60423"	"24/03/2026 12:41:39 PM"	"Credit"		"Open"	"Rs.734.87"	"30305-02-PSAO-0326-84779"	"23/03/2026 09:46:43 AM"	"ARSH ENTERPRISES"	"30305-02-ARD-1218-53"					"Rs.0.13"	"Rs.735.00"	"Rs.735.00"	"Rs.0.00"			"66114-03-PLPO-0326-541"	"STD"	"TAX INVOICE"	"30305P34"	"30305 MAIN WAREHOUSE50803AAM000S"		"0"		"56389dc61a95187c98c5184e196bfa44d4cef2c1da2580b4d7d7ce6736036784"	"ACT"	"142619847139278"	"24/03/2026 12:42:00 PM"					
"30305BC26P60422"	"24/03/2026 12:40:55 PM"	"Credit"		"Open"	"Rs.2,811.68"	"30305-02-PSAO-0326-85003"	"23/03/2026 07:02:31 PM"	"SAGAR AUTOMOBILES"	"30305-02-PD-0620-2"					"Rs.0.32"	"Rs.2,812.00"	"Rs.2,812.00"	"Rs.0.00"			"500311-02-PLPO-0326-877"	"STD"	"TAX INVOICE"	"30305P34"	"30305 MAIN WAREHOUSE50803AAM000S"		"0"		"0d98dec955e547d1c8928d59228c7c3492ca996c7cf3d3ee29f4700b2de34713"	"ACT"	"142619847129794"	"24/03/2026 12:41:00 PM"					
"30305BC26P60421"	"24/03/2026 12:39:22 PM"	"Credit"		"Open"	"Rs.26,542.60"	"30305-02-PSAO-0326-84827"	"23/03/2026 11:31:48 AM"	"SAGAR AUTOMOBILES"	"30305-02-PD-0620-2"					"Rs.0.40"	"Rs.26,543.00"	"Rs.26,543.00"	"Rs.0.00"					"TAX INVOICE"	"30305P34"	"30305 MAIN WAREHOUSE50803AAM000S"		"0"		"bec22005204eeb592be4d91eb161d05019444973638f85fb8ef5add4acf4b406"	"ACT"	"142619847110680"	"24/03/2026 12:40:00 PM"					
"30305BC26P60420"	"24/03/2026 12:36:34 PM"	"Credit"		"Open"	"Rs.33,121.04"	"30305-02-PSAO-0326-83728"	"19/03/2026 11:24:02 AM"	"SAGAR AUTOMOBILES"	"30305-02-PD-0620-2"					"(Rs.0.04)"	"Rs.33,121.00"	"Rs.33,121.00"	"Rs.0.00"					"TAX INVOICE"	"30305P34"	"30305 MAIN WAREHOUSE50803AAM000S"		"0"		"5cdae15d792d140d05ccebf5db6c3ea198d5ff1f173ac82ca61b98bff2ec64f6"	"ACT"	"142619847083535"	"24/03/2026 12:37:00 PM"					
"30305BC26P60419"	"24/03/2026 12:30:51 PM"	"Credit"		"Open"	"Rs.27,607.85"	"30305-02-PSAO-0326-85014"	"24/03/2026 09:52:14 AM"	"SAGAR AUTOMOBILES"	"30305-02-PD-0620-2"					"Rs.0.15"	"Rs.27,608.00"	"Rs.27,608.00"	"Rs.0.00"					"TAX INVOICE"	"30305P34"	"30305 MAIN WAREHOUSE50803AAM000S"		"0"		"e17bf03ecde27e50938487c7965a694135a580c895332dc6f3d4446f245710a9"	"ACT"	"142619847020633"	"24/03/2026 12:31:00 PM"					
"30305BC26P60418"	"24/03/2026 12:20:25 PM"	"Credit"		"Open"	"Rs.221,033.18"	"30305-02-PSAO-0326-84999"	"23/03/2026 06:43:14 PM"	"GOELSONS"	"30305-02-DLR-0415-2"	"09107700592"				"(Rs.0.18)"	"Rs.221,033.00"	"Rs.221,033.00"	"Rs.0.00"			"11067-03-PLPO-0326-946"	"ZACC"	"TAX INVOICE"	"30305P34"	"30305 MAIN WAREHOUSE50803AAM000S"		"0"		"4bf78759d3372f67b0ab5b0d0fa8aaac5c39c01332130cc2d66c52936af99653"	"ACT"	"142619846890992"	"24/03/2026 12:20:00 PM"					
"30305BC26P60417"	"24/03/2026 12:11:11 PM"	"Credit"		"Open"	"Rs.513.41"	"30305-02-PSAO-0326-84732"	"23/03/2026 09:41:37 AM"	"R.S.AUTOMOBILES"	"30305-02-DLR-0525-3"					"(Rs.0.41)"	"Rs.513.00"	"Rs.513.00"	"Rs.0.00"			"11066-03-PLPO-0326-956"	"VOR"	"TAX INVOICE"	"30305P34"	"30305 MAIN WAREHOUSE50803AAM000S"		"0"		"a08515ea2f3124fd723ce511c2d5d6914248037967ccb6c3a44486b6e7b49e71"	"ACT"	"142619846787801"	"24/03/2026 12:11:00 PM"					
"30305BC26P60416"	"24/03/2026 12:09:28 PM"	"Credit"		"Open"	"Rs.13,812.41"	"30305-02-PSAO-0326-84305"	"20/03/2026 04:37:37 PM"	"R.S.AUTOMOBILES"	"30305-02-DLR-0525-3"					"(Rs.0.41)"	"Rs.13,812.00"	"Rs.13,812.00"	"Rs.0.00"			"11066-03-PLPO-0326-950"	"VOR"	"TAX INVOICE"	"30305P34"	"30305 MAIN WAREHOUSE50803AAM000S"		"0"		"f16f4e7efcc318d00f5fefa558a7c0e8ac3b0b7c9afe451f31c1a4047fbdb5e6"	"ACT"	"142619846772483"	"24/03/2026 12:10:00 PM"					
"30305BC26P60415"	"24/03/2026 12:07:46 PM"	"Credit"		"Open"	"Rs.634.51"	"30305-02-PSAO-0326-84739"	"23/03/2026 09:41:57 AM"	"NEEMSAR AUTO SALES"	"30305-02-ARD-1222-23"					"Rs.0.49"	"Rs.635.00"	"Rs.635.00"	"Rs.0.00"			"67640-03-PLPO-0326-74"	"VOR"	"TAX INVOICE"	"30305P34"	"30305 MAIN WAREHOUSE50803AAM000S"		"0"		"3d06310e46ce9a16e37ae044bdb334bd779be82d2a1d92f89b671da2bd0aa6d6"	"ACT"	"142619846753813"	"24/03/2026 12:08:00 PM"					
"30305BC26P60414"	"24/03/2026 12:05:39 PM"	"Credit"		"Open"	"Rs.189.84"	"30305-02-PSAO-0326-83947"	"19/03/2026 03:18:50 PM"	"BALAJI AUTOMOBILES"	"30305-02-SSP-0222-1"					"Rs.0.16"	"Rs.190.00"	"Rs.190.00"	"Rs.0.00"			"23406-02-PLPO-0326-401"	"VOR"	"TAX INVOICE"	"30305P34"	"30305 MAIN WAREHOUSE50803AAM000S"		"0"		"e5ad1095d5a003379d306631bf6a940ed80b028417698245e6989f4ddcebe7bb"	"ACT"	"142619846731945"	"24/03/2026 12:06:00 PM"					
"30305BC26P60413"	"24/03/2026 12:03:56 PM"	"Credit"		"Open"	"Rs.182.42"	"30305-02-PSAO-0326-84690"	"21/03/2026 06:31:01 PM"	"SUMITRA SONS"	"30305-02-DLR-0415-1"	"09909207184"				"(Rs.0.42)"	"Rs.182.00"	"Rs.182.00"	"Rs.0.00"			"11245-06-PLPO-0326-130"	"VOR"	"TAX INVOICE"	"30305P34"	"30305 MAIN WAREHOUSE50803AAM000S"		"0"		"e25d0432d040a78ca160cee0f4494eaa2db1762eda0b32d0a3b072be533e79f6"	"ACT"	"142619846711482"	"24/03/2026 12:04:00 PM"					
"30305BC26P60412"	"24/03/2026 12:02:29 PM"	"Credit"		"Closed"	"Rs.5,317.68"	"30305-02-PSAO-0326-84843"	"23/03/2026 11:44:51 AM"	"S.K.AGENCIES"	"30305-02-PD-0320-2"					"Rs.0.32"	"Rs.5,318.00"	"Rs.5,318.00"	"Rs.0.00"					"TAX INVOICE"	"30305P31"	"30305 MAIN WAREHOUSE50803AAM000S"		"0"		"e0e73cfb4f7528a4414182a832226f6c21bc7c854b07872bd99d6a30806e7f3b"	"ACT"	"142619846697030"	"24/03/2026 12:03:00 PM"					
"30305BC26P60411"	"24/03/2026 12:01:42 PM"	"Credit"		"Open"	"Rs.3,520.37"	"30305-02-PSAO-0326-84728"	"23/03/2026 09:41:26 AM"	"SRI MADHAV MOTORS"	"30305-02-SSP-0825-20"					"(Rs.0.37)"	"Rs.3,520.00"	"Rs.3,520.00"	"Rs.0.00"			"22882-02-PLPO-0326-568"	"VOR"	"TAX INVOICE"	"30305P34"	"30305 MAIN WAREHOUSE50803AAM000S"		"0"		"a06143af8184bf793a3a814d5593bb1a621929af1f733662ea6ae855459d842b"	"ACT"	"142619846687103"	"24/03/2026 12:02:00 PM"					
"30305BC26P60410"	"24/03/2026 12:01:00 PM"	"Credit"		"Open"	"Rs.229.46"	"30305-02-PSAO-0326-84701"	"21/03/2026 06:54:51 PM"	"BALAJI AUTOMOBILES"	"30305-02-SSP-0222-1"					"(Rs.0.46)"	"Rs.229.00"	"Rs.229.00"	"Rs.0.00"			"23406-02-PLPO-0326-407"	"VOR"	"TAX INVOICE"	"30305P34"	"30305 MAIN WAREHOUSE50803AAM000S"		"0"		"e66b684fd89c68b016b23f30674ac4eb6b080407a25e933eb8f2ab41f2af188d"	"ACT"	"142619846677328"	"24/03/2026 12:01:00 PM"					
"30305BC26P60409"	"24/03/2026 12:00:12 PM"	"Credit"		"Open"	"Rs.7,832.32"	"30305-02-PSAO-0326-84577"	"21/03/2026 02:22:02 PM"	"AMAN AUTO SALES"	"30305-02-SSP-0525-6"					"(Rs.0.32)"	"Rs.7,832.00"	"Rs.7,832.00"	"Rs.0.00"			"22323-02-PLPO-0326-167"	"VOR"	"TAX INVOICE"	"30305P34"	"30305 MAIN WAREHOUSE50803AAM000S"		"0"		"68370ef1be04efb94f7989a2f30041f89abadb55a3da717311594a12b2d55a22"	"ACT"	"142619846663802"	"24/03/2026 12:00:00 PM"					
"30305BC26P60408"	"24/03/2026 11:59:30 AM"	"Credit"		"Open"	"Rs.5,173.67"	"30305-02-PSAO-0326-84317"	"20/03/2026 04:38:40 PM"	"MOSARAM AUTO SALES"	"30305-01-DLR-0415-1"	"09754001507"				"Rs.0.33"	"Rs.5,174.00"	"Rs.5,174.00"	"Rs.0.00"			"10730-03-PLPO-0326-1903"	"VOR"	"TAX INVOICE"	"30305P34"	"30305 MAIN WAREHOUSE50803AAM000S"		"0"		"bad8559b41103d0bbb3058a91669aadbeec06f2f1fb409b6e8b5b114949c9a09"	"ACT"	"142619846655733"	"24/03/2026 12:00:00 PM"					
"30305BC26P60407"	"24/03/2026 11:58:47 AM"	"Credit"		"Open"	"Rs.136.19"	"30305-02-PSAO-0326-84327"	"20/03/2026 04:39:27 PM"	"SIYARAM AUTO SALES"	"30305-02-SSP-0423-1"					"(Rs.0.19)"	"Rs.136.00"	"Rs.136.00"	"Rs.0.00"			"23530-02-PLPO-0326-247"	"VOR"	"TAX INVOICE"	"30305P34"	"30305 MAIN WAREHOUSE50803AAM000S"		"0"		"fc8fc1b9db8469497051d39b0a271b9c7545f3ebaefb498b52333c1740734965"	"ACT"	"142619846647734"	"24/03/2026 11:59:00 AM"					
"30305BC26P60406"	"24/03/2026 11:58:08 AM"	"Credit"		"Open"	"Rs.940.70"	"30305-02-PSAO-0326-84309"	"20/03/2026 04:37:53 PM"	"Maa Sheetla Auto Sales"	"30305-02-ARD-1222-15"					"Rs.0.30"	"Rs.941.00"	"Rs.941.00"	"Rs.0.00"			"65263-03-PLPO-0326-149"	"VOR"	"TAX INVOICE"	"30305P34"	"30305 MAIN WAREHOUSE50803AAM000S"		"0"		"83d62625ca985d83dca23e3c19edbb4fdeebd6915f7f6cf6b7c10ac4b1d578f9"	"ACT"	"142619846640290"	"24/03/2026 11:58:00 AM"					
"30305BC26P60405"	"24/03/2026 11:57:27 AM"	"Credit"		"Open"	"Rs.131.83"	"30305-02-PSAO-0326-83541"	"18/03/2026 02:25:06 PM"	"AJAY MOTORS"	"30305-02-ARD-1222-12"					"Rs.0.17"	"Rs.132.00"	"Rs.132.00"	"Rs.0.00"			"65471-03-PLPO-0326-154"	"VOR"	"TAX INVOICE"	"30305P34"	"30305 MAIN WAREHOUSE50803AAM000S"		"0"		"55241b34990a772ad99564c01c4b1c1040b537a48689c0a4e37f9edcacf679ea"	"ACT"	"142619846634110"	"24/03/2026 11:58:00 AM"					
"30305BC26P60404"	"24/03/2026 11:57:20 AM"	"Credit"		"Open"	"Rs.3,218.46"	"30305-02-PSAO-0326-84018"	"19/03/2026 05:58:02 PM"	"M/S Himanshu Automobiles"	"30305-01-ARD-0415-27"	"09807601885"				"(Rs.0.46)"	"Rs.3,218.00"	"Rs.3,218.00"	"Rs.0.00"					"TAX INVOICE"	"30305P34"	"30305 MAIN WAREHOUSE50803AAM000S"		"0"		"54b677fdc09e9779e916c9bf9c169f25fd64156c87d1eba184d5ff158c1715a1"	"ACT"	"142619846633847"	"24/03/2026 11:57:00 AM"					
"30305BC26P60403"	"24/03/2026 11:56:25 AM"	"Credit"		"Open"	"Rs.404.01"	"30305-02-PSAO-0326-84431"	"21/03/2026 09:52:19 AM"	"J P Motors"	"30305-02-ARD-0525-16"					"(Rs.0.01)"	"Rs.404.00"	"Rs.404.00"	"Rs.0.00"			"67716-03-PLPO-0326-127"	"VOR"	"TAX INVOICE"	"30305P34"	"30305 MAIN WAREHOUSE50803AAM000S"		"0"		"f2e09a4f897adb248b15f55e21fc0de3ce23e5b5107519be5f1959ed93e27439"	"ACT"	"142619846624052"	"24/03/2026 11:56:00 AM"					
"30305BC26P60402"	"24/03/2026 11:55:46 AM"	"Credit"		"Open"	"Rs.448.20"	"30305-02-PSAO-0326-84308"	"20/03/2026 04:37:49 PM"	"MASTERBAGH AUTO SALES"	"30305-02-SSP-0525-4"					"(Rs.0.20)"	"Rs.448.00"	"Rs.448.00"	"Rs.0.00"			"24301-02-PLPO-0326-275"	"VOR"	"TAX INVOICE"	"30305P34"	"30305 MAIN WAREHOUSE50803AAM000S"		"0"		"5a10a4f8b2f3aee436e368a78900c150c3488ea4802da93aa1917cd70fcf89fb"	"ACT"	"142619846617371"	"24/03/2026 11:56:00 AM"					
"30305BC26P60401"	"24/03/2026 11:54:51 AM"	"Credit"		"Open"	"Rs.11,611.04"	"30305-02-PSAO-0326-84832"	"23/03/2026 11:34:12 AM"	"R.S.AUTOMOBILES"	"30305-02-DLR-0525-3"					"(Rs.0.04)"	"Rs.11,611.00"	"Rs.11,611.00"	"Rs.0.00"					"TAX INVOICE"	"30305P34"	"30305 MAIN WAREHOUSE50803AAM000S"		"0"		"6894fcfa40bba3d4e26005989ab6388fdf527a0f11f2390a4aa9e06b29f34d96"	"ACT"	"142619846609840"	"24/03/2026 11:55:00 AM"					
"30305BC26P60400"	"24/03/2026 11:52:13 AM"	"Credit"		"Open"	"Rs.7,961.08"	"30305-02-PSAO-0326-83769"	"19/03/2026 12:09:23 PM"	"SHRI NARAIN AUTO"	"30305-01-DLR-0415-2"	"09754001022"				"(Rs.0.08)"	"Rs.7,961.00"	"Rs.7,961.00"	"Rs.0.00"					"TAX INVOICE"	"30305P34"	"30305 MAIN WAREHOUSE50803AAM000S"		"0"		"ed86df25316e4559409f12e226d9278cd9e90efb14d0dc3676d1079f8a9d30ff"	"ACT"	"142619846575686"	"24/03/2026 11:52:00 AM"					
"30305BC26P60399"	"24/03/2026 11:48:20 AM"	"Credit"		"Open"	"Rs.433.78"	"30305-02-PSAO-0326-84771"	"23/03/2026 09:46:01 AM"	"SUJEET MOTORS"	"30305-02-ARD-0525-14"					"Rs.0.22"	"Rs.434.00"	"Rs.434.00"	"Rs.0.00"			"67074-03-PLPO-0326-247"	"STD"	"TAX INVOICE"	"30305P34"	"30305 MAIN WAREHOUSE50803AAM000S"		"0"		"d543376fa9c11641d6b5b053dfe79b8fcff7198e2600b13d0c23cf7cb1462396"	"ACT"	"142619846532779"	"24/03/2026 11:48:00 AM"					
"30305BC26P60398"	"24/03/2026 11:47:31 AM"	"Credit"		"Open"	"Rs.3,185.26"	"30305-02-PSAO-0326-84753"	"23/03/2026 09:44:34 AM"	"SRI MADHAV MOTORS"	"30305-02-SSP-0825-20"					"(Rs.0.26)"	"Rs.3,185.00"	"Rs.3,185.00"	"Rs.0.00"			"22882-02-PLPO-0326-569"	"STD"	"TAX INVOICE"	"30305P34"	"30305 MAIN WAREHOUSE50803AAM000S"		"0"		"5eab4807622b851449277c0a8e081a3a322043cac9c9a7d6125c3ec2975d2822"	"ACT"	"142619846525724"	"24/03/2026 11:48:00 AM"					
"30305BC26P60397"	"24/03/2026 11:45:05 AM"	"Credit"		"Open"	"Rs.425.27"	"30305-02-PSAO-0326-84770"	"23/03/2026 09:45:57 AM"	"SHRI GANESH AUTO SALES"	"30305-02-ARD-0422-1"					"(Rs.0.27)"	"Rs.425.00"	"Rs.425.00"	"Rs.0.00"			"67256-03-PLPO-0326-143"	"STD"	"TAX INVOICE"	"30305P34"	"30305 MAIN WAREHOUSE50803AAM000S"		"0"		"5515175cb30d8677b9286f57818010c5f1a47199683fe7d516f0b5bd4349c8f4"	"ACT"	"142619846492170"	"24/03/2026 11:45:00 AM"					
"30305BC26P60396"	"24/03/2026 11:44:22 AM"	"Credit"		"Open"	"Rs.7,280.12"	"30305-02-PSAO-0326-84051"	"19/03/2026 06:20:10 PM"	"SUN MOTORS"	"30305-02-DLR-1124-3"					"(Rs.0.12)"	"Rs.7,280.00"	"Rs.7,280.00"	"Rs.0.00"			"12178-04-PLPO-0226-287"	"STD"	"TAX INVOICE"	"30305P34"	"30305 MAIN WAREHOUSE50803AAM000S"		"0"		"81658062e8f78b5d5757cd17e05460dd650fc577d702ea8addf1a3f0e898c6d3"	"ACT"	"142619846485532"	"24/03/2026 11:44:00 AM"					
"30305BC26P60395"	"24/03/2026 11:43:23 AM"	"Credit"		"Open"	"Rs.5,866.19"	"30305-02-PSAO-0326-83997"	"19/03/2026 05:43:40 PM"	"PRASHANTI AUTOMOBILES"	"30305-01-DLR-0415-5"	"09109400370"				"(Rs.0.19)"	"Rs.5,866.00"	"Rs.5,866.00"	"Rs.0.00"					"TAX INVOICE"	"30305P34"	"30305 MAIN WAREHOUSE50803AAM000S"		"0"		"a6fc74dd14970b6d30c6203d375a89cdc8b0374b620e736e7f39a66c254f3b6f"	"ACT"	"142619846476233"	"24/03/2026 11:43:00 AM"					
"30305BC26P60394"	"24/03/2026 11:41:21 AM"	"Credit"		"Open"	"Rs.684.26"	"30305-02-PSAO-0326-84757"	"23/03/2026 09:45:08 AM"	"JINDAL AUTO SALES"	"30305-02-SSP-0225-9"					"(Rs.0.26)"	"Rs.684.00"	"Rs.684.00"	"Rs.0.00"			"23764-02-PLPO-0326-347"	"STD"	"TAX INVOICE"	"30305P34"	"30305 MAIN WAREHOUSE50803AAM000S"		"0"		"84d781dc373f487485817fe51e48c8778574d133987a060a05a5053773abd79d"	"ACT"	"142619846450484"	"24/03/2026 11:41:00 AM"					
"30305BC26P60393"	"24/03/2026 11:40:18 AM"	"Credit"		"Open"	"Rs.5,006.34"	"30305-02-PSAO-0326-84489"	"21/03/2026 01:09:49 PM"	"NEEMSAR AUTO SALES"	"30305-02-ARD-1222-23"					"(Rs.0.34)"	"Rs.5,006.00"	"Rs.5,006.00"	"Rs.0.00"			"67640-03-PLPO-0326-70"	"ZOAC"	"TAX INVOICE"	"30305P34"	"30305 MAIN WAREHOUSE50803AAM000S"		"0"		"0a8f85d7abe005a10707373c0d404a2276fd345b18ae3da799cb5624baa9e095"	"ACT"	"142619846434185"	"24/03/2026 11:40:00 AM"					
"30305BC26P60392"	"24/03/2026 11:39:38 AM"	"Credit"		"Open"	"Rs.214.61"	"30305-02-PSAO-0326-84758"	"23/03/2026 09:45:10 AM"	"SHRI RADHA RANI AUTO"	"30305-02-SSP-0824-3"					"Rs.0.39"	"Rs.215.00"	"Rs.215.00"	"Rs.0.00"			"24126-02-PLPO-0326-79"	"STD"	"TAX INVOICE"	"30305P34"	"30305 MAIN WAREHOUSE50803AAM000S"		"0"		"61f9b564d4eb284590291be8e4ae689420db00eaf8d11180c17e7b21c5c26fbe"	"ACT"	"142619846424319"	"24/03/2026 11:40:00 AM"					
"30305BC26P60391"	"24/03/2026 11:39:30 AM"	"Credit"		"Open"	"Rs.4,441.54"	"30305-02-PSAO-0326-84323"	"20/03/2026 04:39:09 PM"	"SHAAN AUTO SALES"	"30305-02-ARD-0225-5"					"Rs.0.46"	"Rs.4,442.00"	"Rs.4,442.00"	"Rs.0.00"			"67099-03-PLPO-0326-207"	"VOR"	"TAX INVOICE"	"30305P34"	"30305 MAIN WAREHOUSE50803AAM000S"		"0"		"f021a89244da0a3cb9e418d95dc9dc00680af06aac810bbce44edf16c4b3b1f7"	"ACT"	"142619846423392"	"24/03/2026 11:40:00 AM"					
"30305BC26P60390"	"24/03/2026 11:38:22 AM"	"Credit"		"Open"	"Rs.2,828.06"	"30305-02-PSAO-0326-84326"	"20/03/2026 04:39:23 PM"	"ARSH ENTERPRISES"	"30305-02-ARD-1218-53"					"(Rs.0.06)"	"Rs.2,828.00"	"Rs.2,828.00"	"Rs.0.00"			"66114-03-PLPO-0326-539"	"VOR"	"TAX INVOICE"	"30305P34"	"30305 MAIN WAREHOUSE50803AAM000S"		"0"		"8e13642afb3ff12e64287abeda34b200cf6a013f966f419d8320169d3ed5437d"	"ACT"	"142619846410079"	"24/03/2026 11:38:00 AM"					
"30305BC26P60389"	"24/03/2026 11:36:54 AM"	"Credit"		"Open"	"Rs.6,384.18"	"30305-02-PSAO-0326-84304"	"20/03/2026 04:37:32 PM"	"SHRI RAM AUTO"	"30305-02-ARD-1219-5"					"(Rs.0.18)"	"Rs.6,384.00"	"Rs.6,384.00"	"Rs.0.00"			"66435-03-PLPO-0326-45"	"VOR"	"TAX INVOICE"	"30305P34"	"30305 MAIN WAREHOUSE50803AAM000S"		"0"		"1ad685bc06c95ce169f8019eddf47828249c3d260a9ab7f3ada3785e77b23c53"	"ACT"	"142619846395071"	"24/03/2026 11:37:00 AM"					
"30305BC26P60388"	"24/03/2026 11:36:05 AM"	"Credit"		"Open"	"Rs.3,629.33"	"30305-02-PSAO-0326-84372"	"20/03/2026 05:02:08 PM"	"M/S SHREE BALBHADRA AUTO SALES"	"30305-02-SSP-0225-11"					"(Rs.0.33)"	"Rs.3,629.00"	"Rs.3,629.00"	"Rs.0.00"					"TAX INVOICE"	"30305P34"	"30305 MAIN WAREHOUSE50803AAM000S"		"0"		"b150a209f15ec3f75ed3d8d00c752a695baa1fb50c1436e5ef4d6d2dafa2add4"	"ACT"	"142619846383429"	"24/03/2026 11:36:00 AM"					
"30305BC26P60387"	"24/03/2026 11:32:43 AM"	"Credit"		"Open"	"Rs.6,850.90"	"30305-02-PSAO-0326-84755"	"23/03/2026 09:44:51 AM"	"SIYARAM AUTO SALES"	"30305-02-SSP-0423-1"					"Rs.0.10"	"Rs.6,851.00"	"Rs.6,851.00"	"Rs.0.00"			"23530-02-PLPO-0326-249"	"STD"	"TAX INVOICE"	"30305P34"	"30305 MAIN WAREHOUSE50803AAM000S"		"0"		"d4760a3e2a6c7087fd3db6577b7de09234688451587be990cab09713503dd45b"	"ACT"	"142619846351129"	"24/03/2026 11:33:00 AM"					
"30305BC26P60386"	"24/03/2026 11:31:57 AM"	"Credit"		"Open"	"Rs.4,746.11"	"30305-02-PSAO-0326-84718"	"23/03/2026 09:38:50 AM"	"DARSHAN SONS"	"30305-02-DLR-0818-8"					"(Rs.0.11)"	"Rs.4,746.00"	"Rs.4,746.00"	"Rs.0.00"			"11913-03-PLPO-0326-461"	"STD"	"TAX INVOICE"	"30305P34"	"30305 MAIN WAREHOUSE50803AAM000S"		"0"		"f8231f28081c1ba29d6f352d6fef73ea6ff16a8d4e7f98a21c4923adf00a17ba"	"ACT"	"142619846340099"	"24/03/2026 11:32:00 AM"					
"30305BC26P60385"	"24/03/2026 11:29:46 AM"	"Credit"		"Open"	"Rs.3,358.59"	"30305-02-PSAO-0326-84341"	"20/03/2026 04:42:18 PM"	"SANGAM MOTORS"	"30305-02-SSP-0126-24"					"Rs.0.41"	"Rs.3,359.00"	"Rs.3,359.00"	"Rs.0.00"					"TAX INVOICE"	"30305P34"	"30305 MAIN WAREHOUSE50803AAM000S"		"0"		"d06d11e8539fa72579b6ee3cae07e49414ae40853f9190f6d201d991bac1d717"	"ACT"	"142619846315589"	"24/03/2026 11:30:00 AM"					
"30305BC26P60384"	"24/03/2026 11:17:19 AM"	"Credit"		"Open"	"Rs.626.49"	"30305-02-PSAO-0326-84330"	"20/03/2026 04:39:38 PM"	"JOY AUTO SALES"	"30305-02-SSP-0125-6"					"(Rs.0.49)"	"Rs.626.00"	"Rs.626.00"	"Rs.0.00"			"22786-02-PLPO-0326-151"	"VOR"	"TAX INVOICE"	"30305P20"	"30305 MAIN WAREHOUSE50803AAM000S"		"0"		"462315952d40e677342f3a7405f2b8bd5f5fb663e8781c5c20e4d1efa8afba11"	"ACT"	"142619846190883"	"24/03/2026 11:17:00 AM"					
"30305BC26P60383"	"24/03/2026 11:15:28 AM"	"Credit"		"Open"	"Rs.2,297.12"	"30305-02-PSAO-0326-84680"	"21/03/2026 06:12:52 PM"	"MOSARAM AUTO SALES"	"30305-01-DLR-0415-1"	"09754001507"				"(Rs.0.12)"	"Rs.2,297.00"	"Rs.2,297.00"	"Rs.0.00"			"10730-05-PLPO-0326-625"	"VOR"	"TAX INVOICE"	"30305P20"	"30305 MAIN WAREHOUSE50803AAM000S"		"0"		"976a916684e55d741516fb06abcd7117532ec26db029866fdb062d2f65079322"	"ACT"	"142619846175237"	"24/03/2026 11:16:00 AM"					
"30305BC26P60382"	"24/03/2026 11:14:36 AM"	"Credit"		"Open"	"Rs.4,222.80"	"30305-02-PSAO-0326-84314"	"20/03/2026 04:38:07 PM"	"ANSH AUTO SALES"	"30305-02-SSP-0525-2"					"Rs.0.20"	"Rs.4,223.00"	"Rs.4,223.00"	"Rs.0.00"			"24295-02-PLPO-0326-393"	"VOR"	"TAX INVOICE"	"30305P20"	"30305 MAIN WAREHOUSE50803AAM000S"		"0"		"41366c4dc4ae21570dc4c76abf475b5bc67b40468139217ee5912a77290e8d1f"	"ACT"	"142619846167502"	"24/03/2026 11:15:00 AM"					
"30305BC26P60381"	"24/03/2026 11:11:27 AM"	"Credit"		"Open"	"Rs.314.48"	"30305-02-PSAO-0326-84575"	"21/03/2026 02:21:53 PM"	"K.S.AUTOMOBILES"	"30305-01-SSP-0415-8"	"09609503695"				"(Rs.0.48)"	"Rs.314.00"	"Rs.314.00"	"Rs.0.00"			"20853-02-PLPO-0326-423"	"VOR"	"TAX INVOICE"	"30305P20"	"30305 MAIN WAREHOUSE50803AAM000S"		"0"		"e54de9c88082df9e750919a9f19f6ac574ccf4292302b6b5522979c11ecd5284"	"ACT"	"142619846135761"	"24/03/2026 11:12:00 AM"					
"30305BC26P60380"	"24/03/2026 10:33:12 AM"	"Credit"		"Open"	"Rs.1,462.80"	"30305-02-PSAO-0326-84660"	"21/03/2026 04:16:33 PM"	"KIPPS SALES (P) LTD."	"30305-01-DLR-0415-4"	"09407300149"				"Rs.0.20"	"Rs.1,463.00"	"Rs.1,463.00"	"Rs.0.00"			"10041-03-PLPO-0326-478"	"VOR"	"TAX INVOICE"	"30305P34"	"30305 MAIN WAREHOUSE50803AAM000S"		"0"		"ed37b50fd5db53c8c63bf531f19b6bf085f3fe9c135342e8b04e5c248a64870c"	"ACT"	"142619845758839"	"24/03/2026 10:33:00 AM"					
